<?xml version="1.0" encoding="UTF-8"?>
<main>
  <PageData>
	<MainHeading><![CDATA[]]></MainHeading>
    <SubHeading><![CDATA[]]></SubHeading>
    <PageText>
      <pText><![CDATA[HAN has two architectures namely DomoNet and Jini.]]></pText>
    </PageText>

	<PageText>
      <pText><![CDATA[<b>DomoNet:</b>DomoNet architecture uses XML for description and web-services for control. It follows a Service Oriented Architecture (SOA). This is not tied to any software, language or architecture. In this a central gateway connects different technologies and a tech manager for each technology provides web services for control and access.]]></pText>
    </PageText>

	<PageText>
      <pText><![CDATA[<b>Jini:</b>Jini is a network architecture concept that Sun Microsystems calls "spontaneous networking." Using Jini, users will be able to plug printers, storage devices, speakers and any kind of device directly into a network and every other computer, device and user on the network will know that the new device has been added and is available. Each pluggable device will define itself immediately to a network device registry. When someone wants to use or access the resource, their computer will be able to download the necessary programming from it to communicate with it. The special device support software known as a device driver need not be present in an operating system. The operating system will know about all accessible devices through the network registry. Jini architecture connects various devices sharing their resources with auto-configuration and auto-installation. It is based on JAVA environment and pursued by Sun Microsystems. It constructs an organized distribution system without a central node (federation). Jini apps use bytecode to run JVM and are portable. It follows Object Oriented Paradigm.]]>
	  </pText>
    </PageText>
	
  </PageData>
</main>