<?xml version="1.0" encoding="UTF-8"?>
<main>
  <PageData>
	<MainHeading><![CDATA[]]></MainHeading>
    <SubHeading><![CDATA[]]></SubHeading>
    <PageText>
      <pText><![CDATA[HAN elements comprises of Internet Protocol, Wired HAN and Wireless HAN. A multi- protocol gateway bridges non-IP network to IP network. Bridging between new technologies is limited. For new technologies or networks, a new mapping is required for bridging to perform satisfactorily. Wired HAN helps for the easy integration with pre-existing house infrastructure which is cost effective. Wired HAN uses power lines, coaxial cables, telephone lines, optical fibers and other such technologies for communication. Wireless HAN uses popular home Wi-Fi, ZigBee and even new standards such as 6LoWPAN. Wireless HAN makes implementation easy. ]]></pText>
    </PageText>
    <PageText>
      <pText><![CDATA[Figure 13.2 shows the HAN medium classification ]]></pText>
    </PageText>
	<PageText> 
	  <pText><![CDATA[<div class="TableHeadingClass">Fig.13.2: HAN Medium Classification</div>]]></pText>  
	</PageText> 
	<PageText> 
	  <pText><![CDATA[<div class="BigImgClas" style="text-align:center"><img src="en/images/fig_13_2.png"></div>]]></pText> 
	</PageText> 
  </PageData>
</main>