<?xml version="1.0" encoding="UTF-8"?>
<main>
  <PageData>
	<MainHeading><![CDATA[]]></MainHeading>
    <SubHeading><![CDATA[]]></SubHeading>
    <PageText>
      <pText><![CDATA[There are various HAN standards which are explained below]]></pText>
    </PageText>

	<PageText>
      <pText><![CDATA[<b>Universal Plug and Play (UPnP):</b>Universal Plug and Play (UPnP) is a set of networking protocols that permits networked devices, such as personal computers, printers, Internet gateways, Wi-Fi access points and mobile devices to seamlessly discover each other’s presence on the network and establish functional network services for data sharing, communications, and entertainment. UPnP is intended primarily for residential networks without enterprise- class devices. It is an application layer technology, mainly web-based. TCP/IP protocol stack provides support for the lower layers and enables seamless integration of various technologies. It provides transparent networking with support for zero-configuration networking and automatic discovery of devices.]]></pText>
    </PageText>

	<PageText>
      <pText><![CDATA[<b>Digital Living Network Alliance (DLNA):</b>Digital Living Network Alliance (DLNA) (originally named Digital Home Working Group [DHWG]) was founded by a group of consumer electronics companies in June 2003 (with Sony in the lead role) to develop and promote a set of interoperability guidelines for sharing digital media among multimedia devices under the auspices of a certification standard. DLNA certified devices include smart phones, tablets, PCs, TV sets and storage servers. In a typical use case, a user sends videos, pictures or music from their smart phone or storage server through their home WLAN to a TV set or tablet for display. DLNA connects cable-based networks with wireless networks for increased sharing of media, control and access. It domestically shares network media resources.]]>
	  </pText>
    </PageText>
	
	<PageText>
      <pText><![CDATA[<b>Konnex (KNX):</b>This is an open important standard for home and building networks. KNX is a standardised (EN 50090, ISO/IEC 14543), OSI-based network communications protocol for building automation. KNX is the successor to, and convergence of, three previous standards: the European Home Systems Protocol (EHS), BatiBUS and the European Installation Bus (EIB or Instabus). It utilizes the full range of home communication infrastructure like power lines, coaxial cables, twisted pair, RF, etc. It must be setup and configured via software before its proper usage.]]></pText>
    </PageText>

	<PageText>
      <pText><![CDATA[<b>Local Operation Networks (LonWorks):</b>LonWorks is a networking platform specifically created to address the needs of control applications. The platform is built on a protocol created by Echelon Corporation for networking devices over media such as twisted pair, power lines, fiber optics and RF. It is used for the automation of various functions within buildings such as lighting and heating, Ventilation and Air Conditioning (HVAC). Every device includes a Neuron Chip, a transceiver and the application electronics. Neuron chip is a System on a Chip (SOC) with multiple microprocessors, RAM, ROM and IO interface ports. LonWorks splits device groups into intelligent elements, which can communicate through a physical communication medium.]]>
	  </pText>
    </PageText>

	<PageText>
      <pText><![CDATA[<b>ZigBee:</b>We have already discussed about this standard in Chapter 3. ZigBee consists of four layers namely physical layer, Medium Access Control layer, network layer and application layer. Physical and MAC layers are defined by IEEE 802.15.4, whereas network and application layers are defined by ZigBee. ZigBeee aims at low-cost, low-energy devices. ZigBee Alliance is composed of Mitsubishi, Honeywell, Invensys, Motorola and Philips.]]></pText>
    </PageText>

	<PageText>
      <pText><![CDATA[<b>X-10:</b>X-10 is a protocol for communication among electronic devices used for home automation. It primarily uses power line wiring for signaling and control, where the signals involve brief radio frequency bursts representing digital information. A wireless radio based protocol transport is also defined. X-10 enables remote control of compliant transmitters and receivers over power lines and electrical wirings present in the house. It is adopted by GE and Philips. This standard defines procedures for transmission of bits over AC carrier signals. It posses low speed and low data rate. This standard is mainly used for control of lighting, appliance networks and security sensors.]]>
	  </pText>
    </PageText>
  </PageData>
</main>