<?xml version="1.0" encoding="UTF-8"?>
<main>
  <tableofcontent>Detailed Table of Contents</tableofcontent>
  <MainBookName></MainBookName>
  <Topics>       
    <Content id="13" HeaderContant="13. Smart Homes"><![CDATA[13.1._ Introduction]]></Content>
    <Path><![CDATA[page_1.html]]></Path>
  </Topics>
  <Topics>
    <Content HeaderContant=""><![CDATA[13.2._ Origin of Smart Home]]></Content>
    <Path><![CDATA[page_2.html]]></Path>
  </Topics>
<Topics>
    <Content HeaderContant=""><![CDATA[13.3._ Examples of Smart Home Technologies]]></Content>
    <Path><![CDATA[page_3.html]]></Path>
  </Topics>  
<Topics>
    <Content HeaderContant=""><![CDATA[13.4._ Smart Home Implementation]]></Content>
    <Path><![CDATA[page_4.html]]></Path>
  </Topics>  
  <Topics>
    <Content HeaderContant=""><![CDATA[13.5._ Home Area Networks (HANs)]]></Content>
    <Path><![CDATA[page_5.html]]></Path>
  </Topics>  
  <Topics>
    <Content HeaderContant=""><![CDATA[13.6._ HAN Elements]]></Content>
    <Path><![CDATA[page_6.html]]></Path>
  </Topics>  
   <Topics>
    <Content HeaderContant=""><![CDATA[13.7._ HAN Standards]]></Content>
    <Path><![CDATA[page_7.html]]></Path>
  </Topics>
 <Topics>
    <Content HeaderContant=""><![CDATA[13.8._ HAN Architectures]]></Content>
    <Path><![CDATA[page_8.html]]></Path>
  </Topics> 
<Topics>
    <Content HeaderContant=""><![CDATA[13.9._ HAN Initiatives]]></Content>
    <Path><![CDATA[page_9.html]]></Path>
  </Topics>
<Topics>
    <Content HeaderContant=""><![CDATA[13.10._ Smart Home Benefits and Issues]]></Content>
    <Path><![CDATA[page_10.html]]></Path>
  </Topics>
<Topics>
    <Content HeaderContant=""><![CDATA[13.11._ Conclusion]]></Content>
    <Path><![CDATA[page_11.html]]></Path>
  </Topics>    
</main>