<?xml version="1.0" encoding="UTF-8"?>
<main>
  <PageData>
	<MainHeading><![CDATA[]]></MainHeading>
    <SubHeading><![CDATA[]]></SubHeading>
    <PageText>
      <pText><![CDATA[For implementing smart homes, we need to have an idea about Home Area Networks (HAN). A home area network (HAN) is a network that is deployed and operated within a small boundary, typically a house or small office/home office (SOHO). It enables the communication and sharing of resources like the Internet between computers, mobile and other devices over a network connection. As a type of IP-based Local Area Network (LAN), a HAN may be wired or wireless. In a typical implementation, a HAN consists of a broadband Internet connection that is shared between multiple users through a vendor/third party wired or wireless modem. ]]></pText>
    </PageText>
    <PageText>
	  <pText><![CDATA[User host devices may be standard computers, laptops, mobiles and tablets. The modem generally has network switch capabilities that provide wired LAN ports or wireless connectivity to host users. A HAN also may include other devices, such as a fax, printer, scanner or small network attached storage that is shared by all host devices. Figure 13.1 shows the components of a Home Area Network (HAN).]]></pText>
	</PageText>
	
	<PageText> 
	  <pText><![CDATA[<div class="TableHeadingClass">Fig.13.1: Components of a HAN</div>]]></pText>  
	</PageText> 
	<PageText> 
	  <pText><![CDATA[<div class="BigImgClas" style="text-align:center"><img src="en/images/fig_13_1.png"></div>]]></pText> 
	</PageText> 


  </PageData>
</main>