<?xml version="1.0" encoding="UTF-8"?>
<main>
  <PageData>
	<MainHeading><![CDATA[]]></MainHeading>
    <SubHeading><![CDATA[]]></SubHeading>
    <PageText>
      <pText><![CDATA[Project HYDRA and Amigo are two HAN initiatives. Project HYDRA is a middleware     for embedded intelligent systems. It connects a Service Oriented Architecture Network. Connected devices may have limited resources, low processing power, memory and energy consumption. Each device has an embedded HYDRA client which acts as a proxy between the device and the middleware. Figure 13.3 shows the protocol stack for Project HYDRA. ]]></pText>
    </PageText>
    <PageText>
	  <pText><![CDATA[The initiative Amigo is aimed at ambient intelligent systems for networked home systems. It has user-friendly interfaces, interoperability and automatic discovery of devices and services.]]></pText>
	</PageText>
	<PageText> 
	  <pText><![CDATA[<div class="TableHeadingClass">Fig.13.3: Protocol Stack for Project HYDRA</div>]]></pText>  
	</PageText> 
	<PageText> 
	  <pText><![CDATA[<div class="BigImgClas" style="text-align:center"><img src="en/images/fig_13_3.png"></div>]]></pText> 
	</PageText> 
  </PageData>
</main>