<?xml version="1.0" encoding="UTF-8"?>
<main>
  <PageData>
	<MainHeading><![CDATA[]]></MainHeading>
    <SubHeading><![CDATA[]]></SubHeading>
    <PageText>
      <pText><![CDATA[In this Chapter a detailed explanation of smart homes is given. The origin of smart home, examples of smart home technologies and smart home implementation is described. Home Area Networks (HANs) including HAN elements, HAN standards, HAN architectures and HAN initiatives are discussed. Finally smart home benefits and issues are explained in this Chapter. ]]></pText>
    </PageText>
                
  </PageData>
</main>