<?xml version="1.0" encoding="UTF-8"?>
<main>
  <PageData>
	<MainHeading><![CDATA[]]></MainHeading>
    <SubHeading><![CDATA[13.1. Introduction]]></SubHeading>
    <PageText>
      <pText><![CDATA[<span class="PageVideoClass" id="Video_BTNID" url="en/Video/Video_1.mp4"  headername="Video">In this Chapter</span> we will discuss about Smart Homes. Smart home technology, also known as home automation, provides homeowners security, comfort, convenience and energy efficiency by allowing them to control smart devices, often by a smart home app on their smart phone or other networked device. A part of the Internet of Things (IoT), smart home systems and devices often operate together, sharing consumer usage data among themselves and automating actions based on the homeowner’s preferences.	  
	  ]]></pText>
    </PageText>
                
  </PageData>
</main>