<?xml version="1.0" encoding="UTF-8"?>
<main>
  <PageData>
	<MainHeading><![CDATA[]]></MainHeading>
    <SubHeading><![CDATA[13.2. Origin of Smart Home]]></SubHeading>
    <PageText>
      <pText><![CDATA[<span class="PageAudioClass" id="Audio_BTNID" url="en/Sound/Audio_1"  headername="Audio">With the 1975 release </span>of X10, a communication protocol for home automation, the smart home, came to life. X10 sends 120 kHz radio frequency (RF) bursts of digital information onto a home's existing electric wiring to programmable outlets or switches. These signals convey commands to corresponding devices, controlling how and when the devices operate. A transmitter could, for example, send a signal along the house's electric wiring, telling a device to turn on at a specific time ]]></pText>
    </PageText>

	<PageText>
      <pText><![CDATA[However, as electrical wiring isn't designed to be particularly free from radio-band "noise," X10 was not always fully reliable. Signals would be lost and in some cases signals wouldn't cross circuits that were wired on different polarities, created when 220-volt service is split into a pair of 100-volt feeds, as is common in the U.S. Additionally, X10 was initially a one-way technology, so while smart devices can take commands, they cannot send data back to a central network. Later two-way X10 devices became available at a higher cost.]]></pText>
    </PageText>

	<PageText>
      <pText><![CDATA[When home automation company Insteon came on the scene in 2005, it introduced technology that combined electric wiring with wireless signals. Other protocols, including ZigBee and Z-Wave, have since emerged to counter the problems prone to X10, though X10 remains a widely installed communications protocol to this day.]]>
	  </pText>
    </PageText>
	
	<PageText>
      <pText><![CDATA[Nest Labs was founded in 2010 and released its first smart product, the Nest Learning Thermostat, in 2011. The company also created smart smoke/carbon monoxide detectors and security cameras. After being acquired by Google in 2015, it became a subsidiary of Alphabet Inc. in the same year]]></pText>
    </PageText>

	<PageText>
      <pText><![CDATA[In 2012, SmartThings Inc. launched a Kickstarter campaign, raising $1.2 million to fund its smart home system. Following additional funding, the company came on the market in August 2013 and was acquired by Samsung in 2014.]]>
	  </pText>
    </PageText>

	<PageText>
      <pText><![CDATA[More recently, companies including Amazon, Apple and Google have released their own smart home products and smart home platforms, including Amazon Echo, Apple HomeKit and Google Home.]]></pText>
    </PageText>
  </PageData>
</main>