<?xml version="1.0" encoding="UTF-8"?>
<main>
  <PageData>
	<MainHeading><![CDATA[]]></MainHeading>
    <SubHeading><![CDATA[]]></SubHeading>
	<PageText>
      <pText><![CDATA[<b><i>Benefits</i></b>]]></pText>	
	</PageText>
    <PageText>
      <pText><![CDATA[One of the most important benefits of home automation is providing peace of mind to homeowners, allowing them to monitor their homes remotely, countering dangers such as a forgotten coffee maker left on or a front door left unlocked. ]]></pText>
    </PageText>
    <PageText>
	  <pText><![CDATA[Smart homes are also beneficial for the elderly, providing monitoring that can help seniors to remain at home comfortably and safely, rather than moving to a nursing home or requiring 24/7 home care.]]></pText>
	</PageText>
	<PageText>
      <pText><![CDATA[Smart homes can accommodate user preferences. For example, as soon as we arrive home, our garage door will open, the lights will go on, the fireplace will roar and our favorite tunes will start playing on our smart speakers.]]></pText>
    </PageText>
     <PageText>
      <pText><![CDATA[Home automation also help consumers improve efficiency. Instead of leaving the air conditioning on all day, a smart home system can learn your behaviors and make sure the house is cooled down by the time you arrive home from work. The same goes for appliances. And with a smart irrigation system, our lawn will only be watered when needed and with the exact amount of water necessary. With home automation, energy, water and other resources are used more efficiently, which helps save both natural resources and money for the consumer. ]]></pText>
    </PageText>
	<PageText> 
	   <pText><![CDATA[<b><i>Issues</i></b>]]></pText> 
	</PageText> 
    <PageText>
	  <pText><![CDATA[Home automation systems have struggled to become mainstream due to their technical nature. A drawback of smart homes is their perceived complexity. Some people have difficulty with technology or will give up on it with the first annoyance. Smart home manufacturers and alliances are working on reducing complexity and improving the user experience to make it enjoyable and beneficial for users of all types and technical levels.]]></pText>
	</PageText>
	<PageText>
      <pText><![CDATA[For home automation systems to be truly effective, devices must be interoperable regardless of who manufactured them, using the same protocol or, at least, complementary ones. As it is such a nascent market, there is no gold standard for home automation yet. However, standardalliances are partnering with manufacturers and protocols to ensure interoperability and a seamless user experience.]]></pText>
    </PageText> 
	<PageText>
      <pText><![CDATA[Another major issue is smart home security. A 2016 NTT Data Corporation report found that 80% of U.S. consumers are concerned about the security of their smart home data. If hackers are able to infiltrate a smart device, they could potentially turn off the lights and alarms and unlock the doors, leaving a home defenseless to a break-in. Further, hackers could potentially access the homeowner’s network, leading to worse attacks or data theft. In October 2016, the Mirai IoT botnet was able to bring down parts of the Internet in a series of distributed denial-of-service (DDoS) attacks using badly secured cameras, DVRs and routers as entry points.]]></pText>
    </PageText>
    <PageText>
	  <pText><![CDATA[In addition to security, many smart home opponents worry about data privacy. The NTT Data report found 73% of consumers are concerned about the privacy of the data shared by their smart home devices. While smart home device and platform manufacturers may collect consumer data to better tailor their products or offer new and improved services to customers, trust and transparency are critical to manufacturers building trust with the users of their smart products.]]></pText>
	</PageText>
	
  </PageData>
</main>