<?xml version="1.0" encoding="UTF-8"?>
<main>
  <PageData>
	<MainHeading><![CDATA[]]></MainHeading>
    <SubHeading><![CDATA[]]></SubHeading>
    <PageText>
      <pText><![CDATA[While many smart home systems still run on X10 or Insteon, Bluetooth and Wi-Fi have grown in popularity. ZigBee and Z-Wave are two of the most common home automation communication protocols in use today. In both mesh network technologies, they use short- range, low-power radio signals to connect smart home systems. Though both target the same smart home applications, Z-Wave has a range of 30 meters to ZigBee's 10 meters, with ZigBee often perceived as the more complex of the two. ZigBee chips are available from multiple companies, while Z-Wave chips are only available from Sigma Designs]]></pText>
    </PageText>
    <PageText>
	   <pText><![CDATA[All devices in a smart home are controlled by a master home automation controller, often called a smart home hub. The smart home hub is a hardware device that acts as the central point of the smart home system and is able to sense, process data and communicate wirelessly. It combines all of the separate apps into a single smart home app that can be controlled remotely by homeowners. Examples of smart home hubs include Amazon Echo, Google Home, Insteon Hub Pro, Samsung SmartThings and Wink Hub etc.]]></pText>
    </PageText> 
	<PageText>
	   <pText><![CDATA[Some smart home systems can be created from scratch, for example, using a Raspberry Pi or other prototyping board. Others can be purchased as a bundled smart home kit which is also known as a smart home platform. It contains the pieces needed to start a home automation project.]]></pText>
    </PageText>
    <PageText>
      <pText><![CDATA[In simple smart home scenarios, events can be timed or triggered. Timed events are based on a clock, for example, lowering the blinds at 6:00 p.m., while triggered events depend on actions in the automated system. For example, when the owner’s smart phone approaches the door, the smart lock unlocks and the smart lights go on]]></pText>
    </PageText>	
    <PageText>
      <pText><![CDATA[Machine learning and Artificial Intelligence (AI) are becoming increasingly popular in smart home systems, allowing home automation applications to adapt to their environments. For example, voice-activated systems, such as Amazon Echo or Google Home, contain virtual assistants that learn and personalize the smart home to the resident’s preferences and patterns]]></pText>
    </PageText>	  
 </PageData>
</main>