<?xml version="1.0" encoding="UTF-8"?>
<main>
  <PageData>
	<MainHeading><![CDATA[]]></MainHeading>
    <SubHeading><![CDATA[13.3. Examples of Smart Home Technologies]]></SubHeading>
    <PageText>
      <pText><![CDATA[<a href="en\Resource\file_1.pdf" class="SectionClass" target="_blank">Nearly every aspect</a> of life where technology has entered the domestic space (lightbulbs, dishwashers and so on) has seen the introduction of a smart home alternative. Some examples of smart home technologies are given below. ]]></pText>
    </PageText>
	<PageText>
		<pText><![CDATA[ 
			<ul class="ListClassDisc">
				<li>Smart TVs connect to the Internet to access content through applications, such as on- demand video and music. Some smart TVs also include voice or gesture recognition. In addition to being able to be controlled remotely and customized, smart lighting systems, such as Hue from Philips Lighting Holding B.V., can detect when occupants are in the room and adjust lighting as needed. Smart lightbulbs can also regulate themselves based on daylight availability.
				</li>
				
				<li>Smart thermostats, such as Nest from Nest Labs Inc., come with integrated Wi- Fi, allowing users to schedule monitor and remotely control home temperatures. These devices also learn homeowners' behaviors and automatically modify settings to provide residents with maximum comfort and efficiency. Smart thermostats can also report energy use and remind users to change filters, among other things.
				</li>
				
				<li>Using smart locks and garage-door openers, users can grant or deny access to visitors. Smart locks can also detect when residents are near and unlock the doors for them.
				</li>
				<li>With smart security cameras, residents can monitor their homes when they are away or on vacation. Smart motion sensors are also able to identify the difference between residents, visitors, pets and burglars and can notify authorities if suspicious behavior is detected. Pet care can be automated with connected feeders. Houseplants and lawns can be watered by way of connected timers
				</li>
				<li>Kitchen appliances of all sorts are available, including smart coffee makers that can brew you a fresh cup as soon as your alarm goes off. Smart refrigerators that keep track of expiration dates make shopping lists or even create recipes based on ingredients currently on hand
				</li>
				<li>Household system monitors may, for example, sense an electric surge and turn off appliances or sense water failures or freezing pipes and turn off the water so there isn't a flood in our basement.
				</li>

			</ul>]]>
		</pText> 
	</PageText>
  </PageData>
</main>